Средний_балл;Учебное_заведение;Город;Число_поступающих
99;Гимназия #1 А.С. Пушкина ;Шымкент;1
97;МАОУ СШ №145;Красноярск;1
97;Средняя общеобразовательная школа п.Межозерный;Межозерный;1
97;Муниципальное автономное общеобразовательное учреждение «Миасская средняя общеобразовательная школа № 16»;Миасс;1
97;"МБОУ ""Гимназия №22"" НМР РТ";Нижнекамск;1
97;"МБОУ ""СОШ с углубленным изучением отдельных предметов #32"" ";Прокопьевск;1
94;"МБОУ""Гимназия№8""";Рубцовск;1
94;Северский лицей;Северск;1
94;Муниципальное бюджетное общеобразовательное учреждение «Гимназия №2» городского округа город Октябрьский Республики Башкортостан;Октябрьский;1
94;"БОУ г.Омска ""Гимназия №88""";Омск;1
94;БОУ г. Омска “Лицей №54”;Омск;1
94;Средняя общеобразовательная школа № 34 имени 79-й гвардейской стрелковой дивизии г. Томск;Томск;1
94;Миасская средняя общеобразовательная школа №20;Миасс;1
94;МБНОУ Лицей №11;Новокузнецк;1
94;"МОАУ ""Лицей №1 г. Новотроицка Оренбургской области""";Новотроицк;1
94;Средняя школа №1 с углубленным изучением физики и математики им. А.П.Завенягина г. Норильск Красноярский край;Норильск;1
94;"МБОУ ""Средняя школа №134""";Красноярск;1
94;"Муниципальное бюджетное общеобразовательное учреждение ""Гимназия № 12""";Ленинск-Кузнецкий;1
94;"Муниципальное бюджетное общеобразовательное учреждение ""Средняя общеобразовательная школа №95""";Кемерово;1
94;Средняя школа № 16 города Ачинска;Ачинск;1
94;МАОУ СОШ №16;Екатеринбург;1
94;"Лицей ""Бригантина"" г.Заринск";Заринск;1
94;Средняя общеобразовательная школа с углубленным изучением отдельных предметов 3 г. Ханты-Мансийска Х;Ханты-Мансийск;1
94;Муниципальное общеобразовательное учреждение средняя общеобразовательная школа с.Смоленка;Чита;1
92;"МАОУ ""Ангарский лицей №1"" Иркутской области";Ангарск;2
91;МБОУ Анжеро-Судженского г.о. Средняя общеобразовательная школа №12;Анжеро-Судженск;1
91;Гимназия 42 г.Барнаул;Барнаул;1
91;МБОУ СОШ № 11;Белово;1
91;"МБОУ ""Зырянская средняя общеобразовательная школа""";Зырянское;1
91;Средняя общеобразовательная школа 4 г.Белогорска;Белогорск;1
91;МАОУ Гимназия №17 г. Белорецк ;Белорецк;1
91;Гимназия 44 г.Иркутск;Иркутск;1
91;"ГАОУ ""Лицей Иннополис""";Казань;1
91;"муниципальное бюджетное общеобразовательное учреждение ""Средняя общеобразовательная школа №1"" города Калтан Кемеровской области";Калтан;1
91;Лицей 2 г.Камень-на-Оби;Камень-на-Оби;1
91;Средняя общеобразовательная школа № 1;Ленинск-Кузнецкий;1
91;Средняя общеобразовательная школа 7 с углубленным изучением отдельных предметов г.Красноярска;Красноярск;1
91;МБОУ Гимназия № 3 в Академгородке;Новосибирск;2
91;МБОУ «Гимназия № 32» г. Новокузнецка Кемеровской области;Новокузнецк;1
91;Новосафоновская средняя общеобразовательная школа Прокопьевского района Кемеровской области;Новосафоновский;1
91;Средняя общеобразовательная школа 2 г.Минусинск;Минусинск;1
91;"Муниципальное бюджетное общеобразовательное учреждение ""Средняя общеобразовательная школа №14 г.Назарово Красноярского края""";Назарово;1
91;"МОУ ""МГМЛ при МГТУ им. Г. И. Носова""";Магнитогорск;1
91;Муниципальная средняя (полная) общеобразовательная школа № 53 г.Томск;Томск;1
91;Муниципальная средняя (полная) общеобразовательная школа № 22 г.Томск;Томск;1
91;Гимназия имени Н.Д. Лицмана города Тобольска Тюменской области;Тобольск;1
91;Средняя общеобразовательная школа 32 с угл.изуч.отд.предметов г.Прокопьевск;Прокопьевск;1
91;"МБОУ ""Родинская средняя общеобразовательная школа №1""";Родино;1
91;"Муниципальное бюджетное общеобразовательное учреждение ""Средняя общеобразовательная школа №13 (с этнокультурным компонентом образования)""";Чита;1
91;Областная специализ. школа-лицей для детей, одаренных в обл. матем.,физ.,информ. г.Усть-Каменогорска;Усть-Каменогорск;1
91;МАОУ СОШ №42 г. Улан-Удэ;Улан-Удэ;1
91;Усть-Илимский экспериментальный лицей;Усть-Илимск;1
90;Средняя общеобразовательная школа 112 с углубленным изучением информатики г.Новокузнецка;Новокузнецк;3
90;Краевая общеобразовательная школа-интернат по работе с одарёнными детьми Школа космонавтики г. Железногорск;Железногорск;3
89;Лицей г.Абакана;Абакан;2
89;Средняя общеобразовательная школа 1 г.Калтан;Калтан;3
89;"МБОУ г. Новосибирска ""Гимназия №3 в Академгородке""";Новосибирск;4
89;"КГУ ""Школа-гимназия №4 имени Л.Н. Толстого"" г. Степногорска Акмолинской области";Степногорск;1
88;Школа 90;Тольятти;1
88;Средняя общеобразовательная школа 14 имени А.Ф. Лебедева г. Томска;Томск;1
88;"ОГБОУ ""Томский физико-технический лицей"" г. Томска Томской области";Томск;1
88;Лицей №6;Рубцовск;1
88;МБОУ СОШ №44 с углубленным изучением отдельных предметов;Полысаево;1
88;"БОУ г.Омска ""Гимназия №19""";Омск;1
88;"МАОУ ""Лицей №56""";Новоуральск;1
88;"МАОУ ""Гимназия №7 ""Сибирская""";Новосибирск;1
88;Гимназия 15 Содружество МАОУ;Новосибирск;1
88;Гимназия 12;Новосибирск;1
88;Лицей 34 г.Новокузнецка;Новокузнецк;1
88;"Муниципальное бюджетное общеобразовательное учреждение "" Средняя общеобразовательная школа № 47""";Новокузнецк;1
88;МБОУ СОШ №61;Новокузнецк;1
88;"МБОУ ""Намская улусная гимназия им. Н. С. Охлопкова""";Намцы;1
88;МОУ ИТЛ №24;Нерюнгри;2
88;МОАУ СОШ № 4 городского округа город Нефтекамск Республики Башкортостан;Нефтекамск;1
88;"МАНОУ ""Гимназия № 2"" г.Мариинск";Мариинск;1
88;Средняя общеобразовательная школа 19 с углубленным изучением экономики г.Междуреченск;Междуреченск;1
88;"МБОУ ""Гимназия №26""";Миасс;1
88;Лицей-интернат №1 г. Иркутска;Иркутск;1
88;Средняя общеобразовательная школа № 4 г. Иркутск;Иркутск;1
88;"муниципальное бюджетное общеобразовательное учреждение учреждение ""Гимназия № 41"" г. Кемерово Кемеровской области";Кемерово;1
88;Средняя общеобразовательная школа № 92 с углубленным изучением отдельных предметов г. Кемерово;Кемерово;1
88;МБОУ СОШ № 7;Кемерово;1
88;"МБОУ ""Средняя Общеобразовательная Школа №19""";Кемерово;1
88;"МБОУ ""Гимназия №21""";Кемерово;1
88;Средняя общеобразовательная школа 143 г.Красноярска;Красноярск;1
88;"муниципальное бюджетное общеобразовательное учреждение ""Средняя школа № 64""";Красноярск;2
88;МБОУ Лицей №8;Красноярск;1
88;Губернаторский многопрофильный лицей-интернат г.Кемерово;Кемерово;1
88;МБОУ Средняя общеобразовательная школа с углубленным изучением отдельных предметов № 8 м.о. Ленинск-Кузнецкого городского округа Кемеровской области;Ленинск-Кузнецкий;1
88;"МАОУ ""СОШ №7""";Курган;1
88;МАОУ «Гимназия № 9»;Красноярск;1
88;Средняя общеобразовательная школа 49 г.Абаза;Абаза;1
88;Средняя общеобразовательная школа 22 г.Анжеро-Судженск;Анжеро-Судженск;1
88;Лицей №22 г.Белово;Белово;1
88;Средняя общеобразовательная школа №126 г. Барнаул;Барнаул;1
88;МБОУ «СОШ № 72» ;Ижевск;1
88;МАОУ СОШ 2;Златоуст;1
88;МБОУ СОШ №39;Брянск;1
88;"МАОУ ""Средняя общеобразовательная школа №1"" г. Горнозаводска";Горнозаводск;1
88;"МБОУ ""Средняя общеобразовательная школа №10"" города Усолье-Сибирское Иркутской области";Усолье-Сибирское;1
88;"МАОУ ""Агинская СОШ №1""";Улан-Удэ;1
88;МАОУ СОШ №19 города Улан-Удэ;Улан-Удэ;1
88;МАОУ Гимназия №33 г. Улан-Удэ;Улан-Удэ;1
88;Средняя общеобразовательная школа 70 г.Тюмени;Тюмень;1
88;муниципальное бюджетное общеобразовательное учереждение средняя общеобразовательная школа № 85;Хабаровск;1
87;МАОУ СОШ № 16 г. Томска;Томск;2
87;Специализированный учебно-научный центр федерального государственного автономного образовательного учреждения высшего образования «Уральский федеральный университет имени первого Президента России Б.Н. Ельцина»;Екатеринбург;2
87;"МБОУ ""Лицей №129"" имени Сибирского батальона 27-й стрелковой дивизии";Барнаул;2
87;Средняя общеобразовательная школа 11 г.Абакан;Абакан;2
87;"Коммунальное государственное учреждение ""Средняя школа №3"" города Курчатова";Курчатов;1
87;Лицей 20 г.Междуреченск;Междуреченск;11
87;"Муниципальное бюджетное общеобразовательное учреждение ""Средняя общеобразовательная школа №6"" города Прокопьевска Кемеровской области";Прокопьевск;2
87;"МБОУ ""Советская СОШ""";Советское;2
86;"МБОУ ""Школа 32""";Прокопьевск;3
86;"МБОУ города Новосибирска ""Экономический лицей""";Новосибирск;2
86;Средняя общеобразовательная школа 86 г.Караганды Р.Казахстан;Караганда;1
86;МБОУ “Каргасокская средняя общеобразовательная школа-интернат № 1”;Каргасок;2
86;Бийский лицей-интернат Алтайского края;Бийск;3
86;Физико-математический лицей № 93;Уфа;2
85;МАОУ средняя общеобразовательная школа №32 г.Томска;Томск;2
85;Гимназия 24 им.М.В.Октябрьской г.Томск;Томск;2
85;МАОУ СОШ №49 г. Улан-Удэ Республика Бурятия;Улан-Удэ;2
85;Гимназия 11 г.Анжеро-Судженска;Анжеро-Судженск;4
85;"МАОУ ""Средняя общеобразовательная школа №85""";Кемерово;3
85;"коммунальное государственное учреждение ""Средняя общеобразовательная школа №28"" ГУ ""Отдел образования г. Семей ВКО""";Семей;1
85;Средняя общеобразовательная школа 31 г.Осинники;Осинники;2
85;Муниципальное общеобразовательное учреждение Лицей при ТПУ г.Томск;Томск;20
84;"Муниципальное общеобразовательное бюджетное учреждение ""Лицей Соль-Илецкого городского округа"" Оренбургской области";Соль-Илецк;1
84;Муниципальное автономное общеобразовательное учреждение Гимназия № 1 города Сосновоборска;Сосновоборск;2
84;"МБОУ ""Старопестерёвская средняя общеобразовательная школа""";Старопестерево;1
84;"БОУ г.Омска ""Гимназия №9""";Омск;1
84;"Муниципальное общеобразовательное автономное учреждение ""Средняя общеобразовательная школа № 52 г. Орска""";Орск;1
84;"БОУ г.Омска ""Гимназия 139";Омск;1
84;муниципальное Общеобразовательное Бюджетное Учреждение Лицей №5;Оренбург;1
84;Гимназия № 77 г.Северск;Северск;1
84;Средняя общеобразовательная школа №198 г.Северска закрытого адиминстартивно-территориального образования Северск Томской области;Северск;1
84;Муниципальное бюджетное общеобразовательное учреждение средняя общеобразовательная школа с углубленным изучением отдельных предметов №30;Пятигорск;1
84;"МБОУ города Новосибирска ""Средняя общеобразовательная школа №137 с углубленным изучением иностранных языков""";Новосибирск;1
84;МБОУ СОШ №160;Новосибирск;2
84;"МБОУ ""Лицей №200""";Новосибирск;1
84;"МБОУ ""Инженерный лицей НГТУ""";Новосибирск;1
84;МАОУ Лицей № 9;Новосибирск;3
84;Гимназия 14 Университетская г.Новосибирска;Новосибирск;1
84;МБОУ СОШ № 60 ;Новокузнецк;1
84;"МБОУ ""Лицей № 35 имени А. И. Герлингер"" г. Новокузнецка";Новокузнецк;1
84;Структурное подразделение Новосибирского государственного угниверситета-Специализированный учебно-научный центр НГУ г.Новосибирск;Новосибирск;1
84;Средняя общеобразовательная школа 210 г.Новосибирска;Новосибирск;1
84;Средняя общеобразовательная школа 25 г.Междуреченск;Междуреченск;1
84;Средняя общеобразовательная школа 22 г.Междуреченск;Междуреченск;1
84;МАОУ Средняя общеобразовательная школа № 14;Кемерово;4
84;Средняя общеобразовательная школа 52 г.Кемерово;Кемерово;2
84;Средняя общеобразовательная школа 7 г.Канск;Канск;1
84; Средняя общеобразовательная школа  25 с углубленным изучением отдельных предметов г. Каменска-Уральского;Каменск-Уральский;2
84;Средняя общеобразовательная школа 34 г.Каменск-Уральский;Каменск-Уральский;1
84;"МАОУ Лицей №6 ""Перспектива""";Красноярск;1
84;МБОУ СОШ №12;Кумертау;1
84;МБОУ Гимназия №18;Краснодар;1
84;"Средняя школа ""Комплекс Покровский""";Красноярск;1
84;Средняя общеобразовательная школа 37 г.Белово;Белово;2
84;"ГБОУ Республики Хакасия ""Хакасская национальная гимназия-интернат им. Н.Ф. Катанова""";Абакан;2
84;Средняя общеобразовательная школа 41 г.Бийск;Бийск;1
84;"Федеральное государственное бюджетное образовательное учреждение высшего образования ""Амурский государственный университет"" г. Благовещенска Амурской области";Благовещенск;1
84;ФГБОУ ВО Лицей БГПУ;Благовещенск;1
84;"МБОУ ""Гимназия №1 им. А. А. Иноземцева""";Братск;1
84;Емельяновская средняя общеобразовательная школа 1 Емельяновского района Красноярского края;Емельяново;1
84;Гимназия №1 г.Тюмени;Тюмень;1
84;Средняя общеобразовательная школа №60 г.Улан-Удэ Республики Бурятия;Улан-Удэ;1
84;Средняя общеобразовательная школа 35 Улан-Удэ;Улан-Удэ;2
84;"Муниципальное автономное общеобразовательное учреждение ""Лингвистическая гимназия №3 г. Улан-Удэ""";Улан-Удэ;1
84;МБОУ СОШ №16;Чита;1
84;"Бюджетное общеобразовательное учреждение Ханты-Мансийского автономного округа - Югры ""Югорский физико-математический лицей-интернат"" города Ханты-Мансийска Тюменской области";Ханты-Мансийск;1
84;МАОУ Гимназия №96;Челябинск;1
84;"МБОУ ""Лицей имени А.Г. Баженова"" г. Черногорска Республики Хакасия";Черногорск;1
83;"МАОУ ""Гимназия № 80 г. Челябинска""";Челябинск;1
83;МБОУ СОШ №3;Чита;1
83;Югорский физико-математический лицей-интернат;Ханты-Мансийск;1
83;Забайкальский краевой лицей-интернат;Чита;4
83;МАОУ Гимназия города Юрги Кемеровская область;Юрга;1
83;"МАОУ ""Гимназия города Юрги""";Юрга;1
83;Саха Политехнический Лицей;Якутск;1
83;Физико-математическая школа 56 г.Улан-Удэ;Улан-Удэ;1
83;Средняя общеобразовательная школа 47 г.Улан-Удэ;Улан-Удэ;1
83;Средняя общеобразовательная школа 9 г.Улан-Удэ;Улан-Удэ;2
83;Средняя общеобразовательная школа 63 г.Улан-Удэ;Улан-Удэ;1
83;МАОУ СОШ №35;Улан-Удэ;1
83;"МАОУ ""Средняя общеобразовательная школа №26"" г.Улан-Удэ";Улан-Удэ;1
83;Лицей 8 имени Н.Н. Рукавишникова г. Томска Томской области;Томск;2
83;МАОУ СОШ № 44 г.Томск;Томск;2
83;Лицей 102 г.Железногорск;Железногорск;6
83;МАОУ Лицей № 173;Екатеринбург;1
83;"Муниципальное бюджетное общеобразовательное учреждение ""Средняя общеобразовательная школа №176"" г. Зеленогорска Красноярского края";Зеленогорск;1
83;Гимназия 1 г.Бийск;Бийск;3
83;МБОУ СОШ №16 им. Н.Косникова;Биробиджан;1
83;"МАОУ ""Лицей №6""";Бердск;1
83;Средняя общеобразовательная школа 50 г.Абаза;Абаза;2
83;Амгинский лицей им. академика Л.В. Киренского;Амга;1
83;МБОУ СОШ № 8 города Белово;Белово;1
83;МАОУ гимназия №2;Асино;1
83;Средняя общеобразовательная школа 4 г.Краснокаменска;Краснокаменск;1
83;"МБОУ ""Копьёвская средняя общеобразовательная школа с углублённым изучением отдельных предметов""";Копьево;1
83;Средняя общеобразовательная школа 10 г.Красноярска;Красноярск;1
83;"МБНОУ""Городской классический лицей""";Кемерово;9
83;Средняя общеобразовательная школа 7 г. Колпашево Томской области;Колпашево;1
83;Средняя общеобразовательная школа 2 г. Колпашево;Колпашево;1
83;Кулундинская средняя общеобразовательная школа 1 Кулундинского района Алтайского края;Кулунда;1
83;"МБОУ ""Гимнаия 8""";Красноярск;1
83;Муниципальное автономное общеобразовательное учреждение Центр образования №47 города Иркутска;Иркутск;1
83;МБОУ города Иркутска СОШ с углубленным изучением отдельных предметов №19;Иркутск;1
83;МБОУ г. Иркутска лицей №2;Иркутск;1
83;"МБОУ ""Средняя общеобразовательгая школа №34 имени Амелина С.А."" г. Кемерово";Кемерово;1
83;МБОУ Лицей №62;Кемерово;1
83;МБОУ СОШ №40 имени Катасонова ;Кемерово;1
83;МАОУ Маслянская СОШ;Маслянский;1
83;Средняя общеобразовательная школа 16 г.Минусинск;Минусинск;1
83;Лицей 7 г.Минусинск;Минусинск;2
83;Средняя общеобразовательная школа №2 с углубленным изучением отдельных предметов;Лысьва;1
83;Средняя общеобразовательная школа 5 г.Нефтеюганск;Нефтеюганск;1
83;муниципальное бюджетное общеобразовательное учреждение для детей и подростков, имеющих высокие интеллектуальные способности, гимназия №10 ЛИК города Невинномысска;Невинномысск;1
83;МБОУ Лицей;Нижний Тагил;1
83;"муниципальное бюджетное общеобразовательное учреждение ""Средняя общеобразовательная школа № 61 имени Ильгизара Александровича Касакина"" ";Новокузнецк;2
83;Средняя общеобразовательная школа 151 г.Новосибирска;Новосибирск;1
83;Средняя общеобразовательная школа 120 г.Новосибирска;Новосибирск;1
83;"МБНОУ ""Гимназия № 17 им. В. П. Чкалова""";Новокузнецк;1
83;МБОУ СОШ № 14 г.Новокузнецка;Новокузнецк;1
83;"МАОУ г. Новосибирска ""Вторая Новосибирская гимназия""";Новосибирск;1
83;МБОУ Гимназия № 1;Новосибирск;1
83;МБОУ СОШ 92;Новосибирск;1
83;Самусьский лицей имени академика В.В.Пекарского ЗАТО Северск;Самусь;1
83;Средняя общеобразовательная школа № 84 г. Северск;Северск;1
83;"БОУ г. Омска ""Лицей №64""";Омск;2
83;БОУ СОШ №37;Омск;1
83;"Муниципальное бюджетное общеобразовательное учреждение ""Средняя общеобразовательная школа №45"" города Прокопьевска Кемеровской области";Прокопьевск;3
83;МБОУ Первомайскую среднюю образовательную школу Первомайского района Томской области;Первомайский;1
83;Томский физико-технический лицей города Томска Томской области;Томск;3
83;Томский Физико-Технический лицей;Томск;5
83;"МАОУ ""Гимназия им. А.С. Пушкина""";Сыктывкар;1
83;Тегульдетская муниципальная средняя (полная) общеобразовательная школа;Тегульдет;1
82;Гимназия 3 г.Павлодар Р.Казахстан;Павлодар;1
82;Инженерный лицей Новосибирского государственного технического университета;Новосибирск;3
82;Лицей №84 имени Власова города Новокузнецка;Новокузнецк;2
82;Лицей № 111;Новокузнецк;2
82;"МБОУ ""Лицей№104""";Новокузнецк;4
82;Средняя общеобразовательная школа 4 г.Новокузнецка;Новокузнецк;2
82;Томь-Усинский энерготранспортный техникум г. Мыски;Мыски;2
82;"МАОУ ""СОШ №93""";Кемерово;2
82;"КГБОУ ""Алтайский краевой педагогический лицей-интернат""";Барнаул;3
82;"КГАОУ ""Школа космонавтики""";Железногорск;4
82;МБОУ лицей при ТПУ г.Томска;Томск;9
82;Средняя общеобразовательная школа 49 г.Улан-Удэ;Улан-Удэ;3
82;Республиканский лицей-интернат;Якутск;4
82;Средняя общеобразовательная школа 1 г.Читы;Чита;3
81;Муниципальное бюджетное общеобразовательное учреждение «Средняя общеобразовательная школа с углубленным изучением отдельных предметов № 3»;Ханты-Мансийск;1
81;"ГБОУ Республики Хакасия ""Хакасская национальная гимназия-интернат им. Н.Ф. Катанова""";Хакасия;1
81;Гимназия 14 г.Улан-Удэ;Улан-Удэ;1
81;МАОУ средняя общеобразовательная школа №11 им. В.И. Смирнова г.Томска;Томск;1
81;МАОУ СОШ №47 г.Томска;Томск;1
81;МАОУ Сибирский лицей г.Томска;Томск;3
81;Муниципальное автономное общеобразовательное учреждение средняя общеобразовательная школа №63;Тюмень;2
81;МАОУ гимназия №55 им. Е.Г. Вёрсткиной г. Томска;Томск;4
81;МАОУ гимназия № 55 г.Томска;Томск;1
81;МАОУ Заозерная СОШ с углубленным изучением отдельных предметов №16;Томск;1
81;МБОУ средняя общеобразовательная школа №4 г.Гусиноозерска имени Героя Социалистического труда Г.Д. Тучинова;Гусиноозерск;1
81;"МАОУ ""Закаменская СОШ №1""";Закаменск;1
81;Средняя образовательная школа 5 г.Зея;Зея;1
81;Белоярская средняя общеобразовательная школа № 2;Белый Яр;1
81;"Муниципальное бюджетное общеобразовательное учреждение ""Физико-математический лицей""";Глазов;1
81;Средняя общеобразовательная школа 3 г.Анжеро-Судженск;Анжеро-Судженск;1
81;Муниципальное Бюджетное Общеобразовательное Учреждение Средняя общеобразовательная школа № 12 Муниципальное образование город курорт Анапа;Анапская;1
81;Средняя общеобразовательная школа 1 г.Абакан;Абакан;1
81;"МБОУ ""Гимназия г. Алдан""";Алдан;1
81;МБОУ СОШ №34;Кемерово;2
81;МБОУ Гимназия №17;Кемерово;2
81;МБОУ СОШ №99 г.Кемерово;Кемерово;1
81;МАОУ Лицей ИГУ г. Иркутска;Иркутск;3
81;Лицей Иркутского государственного университета г.Иркутск;Иркутск;1
81;Средняя общеобразовательная школа 27 г.Касли Челябинская обл.;Касли;1
81;Камышинская средняя общеобразовательная школа;Камышино;1
81;Лицей №6;Красноярск;1
81;Средняя общеобразовательная школа № 2;Ленинск-Кузнецкий;4
81;Муниципальное бюджетное общеобразовательное учреждение «ЛИЦЕЙ» города Лесосибирска, Красноярского края;Лесосибирск;1
81;Средняя общеобразовательная школа 28 г.Киселевск;Киселевск;3
81;Средняя общеобразовательная школа 11 г.Киселевск;Киселевск;2
81;МБОУ Средняя школа №17;Красноярск;1
81;Православная гимназия во имя Святителя Луки Войно-Ясенецкого города Новокузнецка Кемеровской области;Новокузнецк;1
81;"Муниципальное бюджетное общеобразовательное учреждение ""Лицей№ 34"" города Новокузнецка  Кемеровской области";Новокузнецк;4
81;"МБОУ ""Лицей"" г.Нижневартовска";Нижневартовск;1
81;МОУ Нерчинско-заводская СОШ;Нерчинский Завод;1
81;Лицей 84;Новокузнецк;1
81;Структурное подразделение Новосибирского государственного университета Специализированный учебно-научный центр Университета;Новосибирск;2
81;"муниципальное бюджетное нетиповое общеобразовательное учреждение ""Лицей № 84 имени В.А.Власова ";Новокузнецк;3
81;МБОУ СОШ№36;Новокузнецк;1
81;"Муниципальное бюджетное общеобразовательное учреждение ""Парбигская средняя общеобразовательная школа имени Михаила Тимофеевича Калашникова""";Парбиг;1
81;Лицей 36 г.Осинники;Осинники;1
81;"Муниципальное автономное общеобразовательное учреждение ""Средняя общеобразовательная школа №146 с углубленным изучением математики, физики, информатики"" г.Перми Пермского края";Пермь;3
81;"БОУ г.Омска ""Гимназия №43""";Омск;1
81;"МБОУ ""Сетовская средняя общеобразовательная школа""";Сетовка;1
81;"муниципальное автономное общеобразовательное учреждение ""Гимназия №48""";Талнах;1
81;Средняя школа 20 п.Сокол;Сокол;1
81;Средняя общеобразовательная школа 67 г.Томска;Томск;1
80;Муниципальная средняя (полная) общеобразовательная школа № 37 г.Томск;Томск;3
80;"МБОУ ""Лицей №57"" города Прокопьевска Кемеровской области";Прокопьевск;4
80;МБОУ Лицей №126;Новосибирск;3
80;Средняя школа 2 г.Кокшетау Р.Казахстан;Кокшетау;1
80;Кузбасский государственный технический университет г.Кемерово;Кемерово;1
80;"МАОУ ""Гимназия №13 ""Академ""";Красноярск;2
80;"МБОУ ""Гимназия №1"" г. Кемерово";Кемерово;4
80;МАОУ Лицей №1 им. А.С. Пушкина;Томск;7
80;МАОУ СОШ №41 г.Томска;Томск;2
80;МБОУ Многопрофильная гимназия № 12;Чита;2
79;Национальная политехническая образовательная школа 2 г.Якутск;Якутск;1
79;Муниципальное бюджетное общеобразовательное учреждение средняя общеобразовательная школа №15 имени Пяти Героев Советского Союза;Хабаровск;1
79;МАОУ СОШ № 42 г.Улан-Удэ;Улан-Удэ;1
79;"МБОУ ""Гимназия №25""";Кемерово;2
79;"муниципальное автономное общеобразовательное учреждение ""Средняя общеобразовательная школа №14"" города Кемерово Кемеровской области";Кемерово;1
79;Средняя общеобразовательная школа 11 г.Кемерово;Кемерово;1
79;Средняя общеобразовательная школа № 28 г.Кемерово;Кемерово;1
79;Технический лицей 176 Карасукского района Новосибирской области;Карасук;1
79;Средняя общеобразовательная школа 3 г.Искитим;Искитим;1
79;МАОУ Зональненская средняя общеобразовательная школа;Зональная станция;1
79;"МАОУ ""КУГ №1-Универс""";Красноярск;1
79;Красноярский кадетский корпус имени А.И.Лебедя;Красноярск;1
79;"МБНОУ ""Гимназия №18"" г. Ленинска-Кузнецкого Кемеровской области";Ленинск-Кузнецкий;1
79;"МАНОУ ""Лицей № 4"" Ленинск-Кузнецкого городского округа Кемеровской области";Ленинск-Кузнецкий;2
79;Муниципальная общеобразовательная средняя школа 2 г.Лангепас;Лангепас;1
79;"МАОУ ""Лицей №15 имени Героя Советского Союза Н.Н.Макаренко""";Кызыл;2
79;Муниципальная средняя (полная) общеобразовательная школа № 5 г.Колпашево;Колпашево;1
79;Средняя общеобразовательная школа 7 г.Комсомольск-на-Амуре;Комсомольск-на-Амуре;1
79;"МБОУ ""Средняя школа №51""";Красноярск;1
79;Средняя общеобразовательная школа 31 поселка Краснобродского Кемеровской облости;Краснобродский;1
79;"КГУ ""Лицей города Аксу""";Аксу;1
79;"ГАОУ ""Чукотский окружной профильный лицей""";Анадырь;1
79;Гимназия 27 г.Барнаула;Барнаул;1
79;МАОУ Гимназия №1 г. Белебея муниципального района  Белебеевский район Республики Башкортостан;Белебей;1
79;"Муниципальное бюджетное общеобразовательное учреждение ""Гимназия №1"" г. Биробиджана";Биробиджан;1
79;Ирбейская школа №1 имени Давыдова;Ирбейское;1
79;МБОУ Игринская СОШ №4;Игра;1
79;МБОУ №76;Ижевск;1
79;МБОУ СОШ №49;Новосибирск;1
79;"МБОУ города Новосибирска ""Вечерняя (сменная) школа №35""";Новосибирск;1
79;Аэрокосмический лицей имени Ю.В. Кондратюка г. Новосибирска;Новосибирск;2
79;Лицей №35 имени А.И.Герлингер;Новокузнецк;2
79;"МАОУ ""СОШ №15""";Набережные Челны;1
79;Средняя (полная) общеобразовательная школа №18 г.Новокузнецка Кемеровсеой области;Новокузнецк;1
79;Средняя общеобразовательная школа №7 города Назарово Красноярского края ;Назарово;1
79;Гимназия 6 имени С.Ф. Вензелева города Междуреченска Кемеровской области;Междуреченск;1
79;"Муниципальное Автономное Нетиповое Общеобразовательное Учреждение ""Гимназия №2""";Мариинск;1
79;"Муниципальное Автономное Нетиповое Образовательное Учреждение ""Гимназия №2""";Мариинск;1
79;ГБОУ лицей №373 Московского района Санкт-Петербурга;Санкт-Петербург;1
79;Гимназия № 1 г.Ноябрьска;Ноябрьск;1
79;Муниципальная средняя (полная) общеобразовательная школа № 49 г.Томск;Томск;1
79;Средняя общеобразовательная школа № 11 г.Томска;Томск;1
79;"МОУ ""Средняя школа №7 городского округа Стрежевой с углубленным изучением отдельных предметов"" Томской области";Стрежевой;1
79;"МОУ ""Средняя школа № 5 г. о. Стрежевой с углубленным изучением отдельных предметов""";Стрежевой;2
79;Средняя общеобразовательная школа 45 г.Сургут;Сургут;1
79;МБОУ СОШ с УИОП №46;Сургут;2
78;Средняя школа 2 г.Тараз Р.Казахстан;Тараз;1
78;Средняя общеобразовательная школа № 50 г.Томск;Томск;3
78;Средняя общеобразовательная школа № 49 г.Томска;Томск;3
78;Муниципальное общеобразовательное учреждение гимназия № 29 г.Томск;Томск;11
78;Муниципальное автономное общеобразовательное учреждение гимназия № 18 г.Томск;Томск;2
78;Муниципальная средняя (полная) общеобразовательная школа № 76 г.Северск;Северск;2
78;СУНЦ Университета, г. Новосибирск;Новосибирск;2
78;МАОУ Лицей№9;Новосибирск;2
78;"КГУ ""Школа-гимназия №113№";Алматы;1
78;Средняя общеобразовательная школа 1 г.Ханты-Мансийск;Ханты-Мансийск;3
78;Средняя общеобразовательная школа 8 г.Шарыпово;Шарыпово;2
78;МБОУ Средняя общеобразовательная школа №2 города Юрги;Юрга;2
77;Средняя общеобразовательная школа 5 г.Южно-Сахалинск;Южно-Сахалинск;1
77;"Муниципальное бюджетное общеобразовательное учреждение ""Средняя общеобразовательная школа"" пгт.Ярославский Хорольского муниципального района Приморского края";Ярославский;1
77;Усть-Сертинская средняя общеобразовательная школа;Усть-Серта;1
77;Чистогорская средняя общеобразовательная школа;Чистогорский;2
77;Муниципальное бюджетное общеобразовательное учреждение Хотьковская средняя образовательная школа №1;Хотьково;1
77;"Муниципальное автономное общеобразовательное учреждение ""Средняя общеобразовательная школа № 152 г. Челябинска""";Челябинск;1
77;ГБОУ Лицей-интернат №61 Республики Бурятия;Улан-Удэ;1
77;Средняя общеобразовательная школа №21 Байкальская перспектива г.Улан-Удэ;Улан-Удэ;1
77;Тяжинская средняя общеобразовательная школа 1 пгт.Тяжинский;Тяжинский;1
77;МАОУ гимназия №49;Тюмень;1
77;МАОУ лицей №1 имени А.С.Пушкина г. Томск Томской области;Томск;1
77;Академический лицей г. Томска имени Г.А. Псахье;Томск;2
77;Средняя Общеобразовательная школа№12. г. Алапаевск;Алапаевск;1
77;Средняя общеобразовательная школа 26 г.Абакан;Абакан;1
77;Гимназия №74;Барнаул;1
77;Лицей №112;Барнаул;1
77;Средняя общеобразовательная школа № 10 города Белово;Белово;1
77;Калининская средняя общеобразовательная школа села Аскиз;Аскиз;1
77;Бакчарская средняя общеобразовательная школа;Бакчар;4
77;"Краевая школа-интернат по работе с одаренными детьми Школа космонавтики""";Железногорск;1
77;МБОУ Гимназия № 91 имени М.В. Ломоносова;Железногорск;1
77;"МБОУ ""Белоярская СШ""";Белый Яр;1
77;Средняя общеобразовательная школа 1 г.Березовский;Березовский;1
77;Республиканский классический лицей;Горно-Алтайск;6
77;Дальневосточный федеральный университет;Владивосток;1
77;Средняя общеобразовательная школа 3 г.Братск;Братск;1
77;Красненская средняя общеобразовательная школа им. М.И.Светличной;Красное;1
77;муниципальное общеобразовательное учреждение гимназия №9;Комсомольск-на-Амуре;1
77;Лицей №62 г. Кемерово;Кемерово;1
77;Гимназия № 18;Ленинск-Кузнецкий;2
77;"муниципальное бюджетное общеобразовательное учреждение куйбышевского района ""средняя общеобразовательная школа №9"" города куйбышева новосибирской области ";Куйбышевский район, Куйбышев;1
77;"Муниципальное бюджетное общеобразовательное учреждение ""Каргасокская средняя общеобразовательная школа № 2"" Томской области";Каргасок;1
77;Казанский торгово-экономический техникум;Казань;1
77;"МАОУ ""Гимназия №1"" г. Канска Красноярского края";Канск;1
77;СОШ №78;Кемерово;1
77;МБОУ СОШ №44 имени Вознесенского г. Кемерово;Кемерово;1
77;МБОУ СОШ №24;Кемерово;1
77;"МБОУ города Новосибирска ""Средняя общеобразовательная школа №7""";Новосибирск;1
77;МБОУ СОШ №6;Новый;1
77;МБОУ СОШ г.Новосибирска №202;Новосибирск;1
77;Специализированный учебно-научный центр НГУ;Новосибирск;7
77;МБНОУ Гимназия №44;Новокузнецк;2
77;МАОУ СОШ №56 УИМ;Магнитогорск;1
77;Могойтуйская средняя общеобразовательная школа 2 Забайкальского края;Могойтуй;1
77;Молчановская муниципальная средняя (полная) общеобразовательная школа № 1;Молчаново;1
77;МБОУ Гимназия № 166 г.Новоалтайска;Новоалтайск;1
77;Средняя общеобразовательная школа №107 г. Новокузнецка;Новокузнецк;1
77;Информационно-технологический лицей 24 г.Нерюнгри;Нерюнгри;1
77;МБОУ Лицей 7 ;Саяногорск;3
77;МБОУ Октябрьская средняя общеобразовательная школа Томского района Томской области;Октябрьское;2
77;ОСОШ №1 г.Перми;Пермь;1
77;"МБОУ ""Средняя школа №104"" пос. Подгорный ЗАТО Железногорск Красноярского края";Подгорный;1
77;Муниципальная средняя (полная) общеобразовательная школа № 67 г.Томска;Томск;1
77;Муниципальная средняя (полная) общеобразовательная школа № 33 г.Томск;Томск;1
76;Муниципальное общеобразовательное учреждение гимназия № 6 г.Томск;Томск;3
76;Тисульская средняя общеобразовательная школа № 1 Тисульского р-на Кемеровской области;Тисуль;2
76;"Частное общеобразовательное учреждение ""Лицей ТГУ"" г. Томск";Томск;2
76;"муниципальное бюджетное общеобразовательное учреждение ""Лицей № 36""";Осинники;3
76;"КГУ ""Лицей-интернат ""Билим-инновация"" для одаренных юношей"" акимата города Нур-Султан";Нур-Султан;1
76;Лицей № 11;Новокузнецк;3
76;"Муниципальное бюджетное общеобразовательное учреждение ""Лицей №174"" г. Зеленогорска Красноярского края";Зеленогорск;6
76;"МБОУ ""Лицей №124""";Барнаул;4
76;"МБОУ города Абакана ""Гимназия""";Абакан;2
76;Нетиповое муниципальное бюджетное общеобразовательное учреждение Анжеро-Судженского городского округа Гимназия 11;Анжеро-Судженск;3
75;"КГУ ""Специализированный лицей №165""";Алматы;1
75;Средняя общеобразовательная школа 25 г.Абакан;Абакан;3
75;Средняя общеобразовательная школа 24 г.Абакан;Абакан;2
75;МБОУ Лицей г.Абакан;Абакан;2
75;"МАОУ ""Школа №3 с углубленным изучением математики""";Ачинск;1
75;Средняя общеобразовательная школа 11 г.Гурьевск;Гурьевск;1
75;Средняя общеобразовательная школа 8 г.Бийск;Бийск;1
75;"Лицей федерального государственного бюджетного образовательного учреждения ""Приамурский государственный университет имени Шолом-Алейхема""";Биробиджан;1
75;"МАОУ ""СОШ №78""";Кемерово;4
75;"МАОУ ""Средняя школа №7 с углубленным изучением отдельных предметов"" г. Красноярск";Красноярск;1
75;" Муниципальное бюджетное общеобразовательное учреждение ""Средняя общеобразовательная школа № 72 с углубленным изучением английского языка""";Новокузнецк;1
75;МАОУ Гимназия №12;Новосибирск;1
75;Средняя общеобразовательная школа 65 г.Новокузнецка;Новокузнецк;2
75;Средняя общеобразовательная школа №97 г. Новокузнецка;Новокузнецк;1
75;"Муниципальное общеобразовательное учреждение ""Средняя общеобразовательная  школа №12"" ";Новоалександровск;1
75;"МКОУ ""Мамонтовская средняя общеобразовательная школа"" с. Мамонтово Алтайский край";Мамонтово;1
75;МБОУ СОШ №7 г. Мариинска Кемеровской области;Мариинск;1
75;"МБОУ ""Школа №70""";Ростов-на-Дону;1
75;"МБОУ ""Северский лицей""ЗАТО Северск Томской области";Северск;1
75;Средняя общеобразовательная школа им.Н.И.Вавилова;Саратов;1
75;МБОУ Сургутский Естественно-научный ;Сургут;2
75;МБОУ гимназия имени Ф.К.Салманова города Сургута Ханты-Мансийского автономного округа - Югры Тюменской области;Сургут;1
75;Средняя общеобразовательная школа № 25 г.Томска;Томск;2
75;Средняя общеобразовательная школа № 19 г. Томска;Томск;1
75;Муниципальная средняя (полная) общеобразовательная школа № 51 г.Томск;Томск;1
75;МАОУ Гимназия № 18;Томск;3
75;МБОУ Академический лицей г.Томска имени Г.А. Псахье;Томск;4
75;Средняя общеобразовательная школа 19 г.Читы;Чита;1
75;"Муниципальное бюджетное общеобразовательное учреждение ""Средняя общеобразовательная школа №22"" г. Читы";Чита;1
75;Муниципальное бюджетное общеобразовательное учреждение средняя общеобразовательная школа №12;Хабаровск;1
75;"МБОУ ""Лицей города Юрги"" ";Юрга;2
74;МБОУ Академический лицей г. Томска имени Г.А. Псахье;Томск;4
74;МАОУ СОШ №65 г.Томска;Томск;2
74;МАОУ СОШ №53 г. Томска;Томск;3
74;МАОУ Сибирский лицей г. Томск;Томск;2
74;Лицей № 51 г.Томска;Томск;3
74;МАОУ гимназия №56 г.Томска;Томск;2
74;МАОУ гимназия №56;Томск;3
74;Муниципальная средняя (полная) общеобразовательная школа № 43 г.Томск;Томск;2
74;Муниципальное общеобразовательное учреждение гимназия № 56 г.Томск;Томск;3
74;Егорьевская средняя общеобразовательная школа;Новоегорьевское;3
74;Сибирский государственный индустриальный университет;Новокузнецк;1
74;"МБНОУ ""Гимназия №59""";Новокузнецк;2
74;Гимназия № 12 г.Ленинска-Кузнецкого МО Ленинск-Кузнецкого городского округа;Ленинск-Кузнецкий;2
74;МБОУ Средняя общеобразовательная школа 7 г.Колпашево;Колпашево;2
74;Гимназия №1 имени Тасирова Г.Х. города Белово;Белово;2
74;Средняя общеобразовательная школа № 10 с углубленным изучением отдельных предметов г.Ангарск;Ангарск;4
73;МБОУ Анжеро-Судженского г.о. Средняя общеобразовательная школа № 22;Анжеро-Судженск;1
73;Хакасская национальная гимназия-интернат г.Абакана;Абакан;1
73;"МОУ ""Лицей №1""";Ачинск;1
73;Муниципальная средняя (полная) общеобразовательная школа № 4 г.Асино;Асино;1
73;Алтайский краевой педагогический лицей;Барнаул;1
73;МБОУСОШ №5 имени Лейтенанта Мурадяна;Геленджик;1
73;Средняя общеобразовательная школа 172 г.Зеленогорск;Зеленогорск;1
73;Средняя общеобразовательная школа 104 г.Железногорск;Железногорск;1
73;Колпашевский кадетский корпус;Колпашево;1
73;Лицей с.Кижинга;Кижинга;1
73;муниципальное казенное общеобразовательное учреждение Краснозерского района Новосибирской области Краснозерская средняя общеобразовательная школа №2 имени Ф.И. Анисичкина;Краснозерское;4
73;Краснозерская СОШ №2 имени Ф.И.Аничкина;Краснозерское;1
73;Средняя общеобразовательная школа 7 г.Краснокаменска;Краснокаменск;1
73;"МБОУ ""Гимназия №1""";Красногвардейское;1
73;МБОУ СОШ№10;Красноярск;1
73;Средняя общеобразовательная школа № 93 г. Кемерово;Кемерово;1
73;Карагандинский коммерческий колледж;Караганда;1
73;МБОУ технический лицей № 176 Карасукского района Новосибирской области;Карасук;1
73;Средняя общеобразовательная школа №7 г. Качканар;Качканар;1
73;МБОУ Гимназия №3;Иркутск;1
73;МБНОУ Лицей №111;Новокузнецк;1
73;МБОУ СОШ №199;Новосибирск;1
73;Вторая Новосибирская гимназия г.Новосибирска;Новосибирск;1
73;"Муниципальное бюджетное общеобразовательное учреждение ""Средняя школа №42""";Нижневартовск;1
73;Средняя общеобразовательная школа №4;Монастырище;1
73;Средняя общеобразовательная школа №4 имени И.С.Черных города Томска;Томск;4
73;Средняя общеобразовательная школа № 84 г.Северска Томской области;Северск;1
73;"бюджетное общеобразовательное учреждение города Омска   ""Средняя общеобразовательная школа №46""";Омск;1
73;МАОУ гимназию №29 г. Томска;Томск;2
73;Мариинская средняя общеобразовательная школа № 3 г.Томска;Томск;1
73;"МАОУ г. Улан-Удэ ""Средняя общеобразовательная школа №35"" Республики Бурятия";Улан-Удэ;1
73;"МОБУ ""Якутский городской лицей""";Якутск;1
73;"МБОУ ""Средняя общеобразовательная школа № 30"" города Читы Забайкальского края";Чита;1
73;МБОУ СОШ №6 в г.Юрге;Юрга;1
72;Якутский городской лицей г.Якутск;Якутск;1
72;Средняя школа 24 г.Усть-Каменогорск Р.Казахстан;Усть-Каменогорск;1
72;"Муниципальное бюджетное общеобразовательное учреждение  ""Гимназия №133"" г.Уссурийска";Уссурийск;1
72;Гимназия № 13 г.Томска;Томск;1
72;"МАОУ ""Сибирский лицей""";Томск;1
72;Средняя общеобразовательная школа 31 г.Орск;Орск;1
72;Муниципальная средняя (полная) общеобразовательная школа № 198 г.Северск;Северск;2
72;Муниципальная средняя (полная) общеобразовательная школа № 5 г.Томск;Томск;1
72;МКОУ Сущёвская средняя общеобразовательная школа;Сущево;1
72;муниципальное бюджетное общеобразовательное учреждение Тамбовская средняя общеобразовательная школа;Тамбовка;1
72;Моряковская муниципальная средняя (полная) общеобразовательная школа;Моряковский Затон;1
72;МБОУ СОШ №1 Мариинского муниципального района Кемеровской области;Мариинск;1
72;Средняя общеобразовательная школа №79;Новокузнецк;1
72;"МБОУ ""СОШ №93""";Новокузнецк;1
72;Специализированный учебно-научный центр Новосибирского государственного университета;Новосибирск;1
72;Новосибирский авиационный технический колледж;Новосибирск;1
72;Средняя общеобразовательная школа № 37;Кемерово;1
72;"ФГБОУ ВО ""Кузбасский государственный технический университет имени Т.Ф. Горбачева""";Кемерово;1
72;МАОУ Гимназия №42;Кемерово;4
72;МАОУ СШ №7;Красноярск;1
72;МАОУ Лицей №12;Красноярск;1
72;МАОУ Гимназия 10;Красноярск;1
72;"муниципальное бюджетное общеобразовательное учреждение города Кургана ""Гимназия №47"" Курганской области";Курган;1
72;гимназия №7;Красноярск;1
72;"БОУ РА ""Республиканская гимназия имени В.К. Плакаса""";Горно-Алтайск;3
72;Гимназия №164 г.Зеленогорска;Зеленогорск;2
72;Средняя общеобразовательная школа 161 г.Зеленогорск;Зеленогорск;1
72;МБОУ Средняя общеобразовательная школа №24 г. Белово;Белово;2
72;Гимназия №1 имени Тасирова Г.Х. города Белово Кемеровской области;Белово;1
72;"МАОУ ""Ангарский лицей № 2 имени М. К. Янгеля""";Ангарск;6
71;"Муниципальное автономное общеобразовательное учреждение ""Лицей №7""";Бердск;2
71;Лицей 1 г.Иркутск;Иркутск;3
71;Средняя общеобразовательная школа № 4 им.И.С.Черных;Томск;4
71;Северский физико-математический лицей;Северск;3
71;Средняя общеобразовательная школа 2 г.Риддер Р.Казахстан;Риддер;1
71;МАОУ СОШ № 4 им. И.С. Черных г. Томска;Томск;6
71;КГУ ОСШЛМФИ;Усть-Каменогорск;2
71;Средняя общеобразовательная школа № 19 с углубленным изучением отдельных предметов;Черногорск;4
70;МБОУ Многопрофильная гимназия №12 г. Читы Забайкальского края;Чита;1
70;"Лицей ""Ступени"" г.Хабаровск";Хабаровск;1
70;Средняя общеобразовательная школа 19 г.Яровое Алтайский край;Яровое;1
70;Общеобразовательный лицей № 2 г.Южно-Сахалинск;Южно-Сахалинск;1
70;Гимназия № 26 г.Томск;Томск;2
70;МАОУСОШ №55 г. Улан-Удэ;Улан-Удэ;1
70;Средняя общеобразовательная школа 19 г.Улан-Удэ;Улан-Удэ;1
70;муниципальное образовательное учреждение средняя общеобразовательная школа 56 пгт. Промышленная;Промышленная;2
70;"МБОУ ""Лицей №26""";Сарапул;1
70;"Муниципальное общеобразовательное учреждение ""Октябрьская средняя общеобразовательная школа""";Октябрьский;1
70;Областная специализированная школа-лицей для одарённых детей ЛОРД г.Петропавловск Р.Казахстан;Петропавловск;1
70;Муниципальная средняя (полная) общеобразовательная школа № 40 г.Томск;Томск;6
70;ЧОУ Лицей при ТГУ;Томск;1
70;Муниципальное автономное общеобразовательное учреждение «Средняя общеобразовательная школа №10» городского округа город Стерлитамак Республики Башкортостан;Стерлитамак;1
70;Средняя школа 1 с углубленным изучением физики и математике им А.П.Завенягина ;Норильск;1
70;МАОУ СОШ № 4;Новый Уренгой;2
70;"МБОУ ""Технический лицей при СГУГиТ""";Новосибирск;2
70;МАОУ Гимназия №86;Нижний Тагил;1
70;Николаевская средняя общеобразовательная школа;Николаевка;1
70;Средняя общеобразовательная школа 1 г.Мыски;Мыски;1
70;МБОУ СОШ 6;Камышеватская;1
70;Лицей 12 г.Курган;Курган;2
70;Вологодский строительный колледж;Вологда;1
70;Лицей 6 г.Горно-Алтайск;Горно-Алтайск;1
70;"МАОУ ""СОШ с углублённым изучением английского языка №27";Ангарск;1
70;Средняя общеобразовательная школа №1;Абакан;3
70;"МБОУ ""Гимназия №45""";Барнаул;1
69;СОУ 82;Душанбе;1
69;Муниципальное общеобразовательное учреждение Лицей № 7 г.Томск;Томск;9
69;МБОУ Гимназия №11 города Рубцовска Алтайского края;Рубцовск;3
69;Муниципальная средняя (полная) общеобразовательная школа № 87 г.Северск;Северск;8
69;Средняя общеобразовательная школа 27 г.Усть-Каменогорск Р.Казахстан;Усть-Каменогорск;1
68;Средняя общеобразовательная школа 51 г.Улан-Удэ;Улан-Удэ;1
68;Селиванихинская муниципальная средняя (полная) общеобразовательная школа с.Селиваниха Красноярский к;Селиваниха;1
68;Средняя общеобразовательная школа 9 г.Павлодар Р.Казахстан;Павлодар;1
68;Сибирский лицей г. Томск;Томск;1
68;Муниципальная средняя (полная) общеобразовательная школа № 14 г.Томск;Томск;2
68;Муниципальное общеобразовательное учреждение Академический лицей г.Томск;Томск;4
68;"Муниципальное бюджетное общеобразовательное учреждение ""Сорская средняя общеобразовательная школа №3 с углублением изучением отдельных предметов"" города Сорска Республики Хакасии";Сорск;2
68;Томский техникум информационных технологий;Томск;1
68;Тарко-Салинская средняя школа 2 пгт.Тарко-Сале;Тарко-Сале;1
68;Средняя общеобразовательная школа 98 г.Железногорск;Железногорск;1
68;Анжеро-Судженский политехнический колледж;Анжеро-Судженск;1
68;"Автономная некоммерческая профессиональная образовательная организация ""Уральский промышленно-экономический техникум""";Асбест;1
68;"Муниципальная бюджетная общеобразовательная школа-интернат ""Аскизский лицей-интернат"" им. М. И. Чебодаева";Аскиз;1
68;Средняя общеобразовательная школа № 12 города Белово Кемеровской области;Белово;1
68;Средняя общеобразовательная школа №5;Алмалык;1
68;Алмалыкский профессиональный колледж строительства и жилищно-коммунального хозяйства;Алмалык;1
68;Курумканская средняя школа 1 с.Курумкан;Курумкан;2
68;"МКОУ ""Курайская СОШ""";Кызыл-Таш;1
68;"муниципальное казенное общеобразовательное учреждение "" средняя общеобразовательная школа №10""";Лиски;1
68;Средняя общеобразовательная школа 2 г.Лесосибирск;Лесосибирск;1
68;Гимназия №17 г. Кемерово;Кемерово;1
67;Среднее общеобразовательное учреждение № 1 г.Душанбе;Душанбе;1
67;Гимназия 164 г.Зеленогорск;Зеленогорск;2
67;Средняя школа химико-технологического института района Линьтун, г. Сиань;Сиань;1
67;Средняя общеобразовательная школа 27 г.Сургута;Сургут;2
67;Средняя общеобразовательная школа 5 г.Мыски;Мыски;2
67;Средняя (полная) общеобразовательная школа №77 г.Новокузнецка;Новокузнецк;2
66;Средняя общеобразовательная школа 1 г.Мариинск;Мариинск;1
66;МБОУ СОШ №22;Новокузнецк;1
66;Средняя общеобразовательная школа 169 г.Зеленогорск;Зеленогорск;1
66;МБОУ СОШ №15 с углубленным изучением отдельных предметов ;Заринск;1
66;Змеиногорская средняя общеобразовательная школа с углублённым изучением отдельных предметов Змеиного;Змеиногорск;1
66;МБОУ СОШ №13 г. Бердска;Бердск;1
66;Средняя общеобразовательная школа 12 г.Анжеро-Судженск;Анжеро-Судженск;2
66;Гимназия 123 г.Барнаула;Барнаул;1
66;Муниципальная средняя (полная) общеобразовательная школа № 4 г.Колпашево;Колпашево;1
66;"Муниципальное автономное общеобразовательное учреждение ""Средняя школа № 152 имени А.Д. Березина"" г.Красноярска";Красноярск;1
66;Средняя общеобразовательная школа 1 им. М.А.Бухтуева г.Кызыла;Кызыл;1
66;"Муниципальное автономное общеобразовательное учреждение ""Лицей 10"" г. Каменск-Уральский";Каменск-Уральский;1
66;МАОУ Лицей ИГУ города Иркутска;Иркутск;1
66;Средняя общеобразовательная школа 8 г.Топки;Топки;1
66;МБОУ Средняя общеобразовательная школа №6 г.Юрги;Юрга;1
65;Алмалыкский горный профессиональный колледж;Алмалык;2
65;"Муниципальное общеобразовательное учреждение ""Северская гимназия"" ЗАТО Северск Томской области";Северск;3
64;МБОУ СОШ №198 г.Северска ЗАТО Северск Томской области;Северск;1
64;Средняя школа Хуанхэ г. Сиань;Сиань;1
64;"БОУ г.Омска ""Лицей 74""";Омск;1
64;Муниципальная средняя (полная) общеобразовательная школа № 47 г.Томск;Томск;1
64;Муниципальная средняя (полная) общеобразовательная школа № 34 г.Томск;Томск;1
64;Новосибирский национальный исследовательский государственный университет;Новосибирск;1
64;Гимназия 6 г.Междуреченск;Междуреченск;1
64;Межениновская муниципальная средняя (полная) общеобразовательная школа;Межениновка;1
64;"МБОУ ""СОШ № 2"" ";Междуреченск;2
64;Средняя общеобразовательная школа 6 г.Нижневартовск;Нижневартовск;1
64;Средняя общеобразовательная школа 16 г.Березовский;Березовский;1
64;МАОУ СОШ №19;Екатеринбург;1
64;средняя общеобразовательная школа № 93 с углубленным изучением отдельных предметов;Кемерово;1
64;МБОУ СОШ №99;Кемерово;1
64;"Муниципальное бюджетное общеобразовательное учреждение ""Средняя общеобразовательная школа №75"" города Лесного Свердловской области";Лесной;1
64;"Муниципальное бюджетное общеобразовательное учреждение ""Средняя общеобразовательная школа №8 г.Юрги""";Юрга;1
64;Харовская муниципальная сош номер 2;Харовск;1
64;Средняя общеобразовательная школа 43 г.Улан-Удэ;Улан-Удэ;1
63;МАОУ Гимназия 33;Улан-Удэ;3
63;Общеобразовательная школа №2 г.Усть-Каменогорск Р.Казахстан;Усть-Каменогорск;1
63;Средняя общеобразовательная школа № 8 г.Юрги Кемеровской области;Юрга;3
63;"МБОУ ""Гимназия №5 города Кызыла Республики Тыва""";Кызыл;2
63;Общеобразовательное учрежление 92 района Сино г Душанбе;Душанбе;1
62;МБОУ Гимназия № 3 г.Горно-Алтайска;Горно-Алтайск;1
62;МБОУ Лицей №22 города Белово;Бачатский;1
62;мбоу сош 92;Кемерово;1
62;Муниципальное бюджетное общеобразовательное учреждение среднюю общеобразовательную школу №1 им Н.К. Крупской;Нижний Тагил;1
62;Намская улусная гимназия им.Н.С.Охлопкова с.Намцы;Намцы;1
62;Таштагольский техникум горных технологий и сферы обслуживания;Таштагол;1
62;Средняя общеобразовательная школа 36 г.Павлодар Р.Казахстан;Павлодар;1
62;"Бюджетное общеобразовательное учреждение муниципального образования Динской район ""Средняя общеобразовательная школа №5"" станицы Пластуновской Краснодарского края";Пластуновская;1
62;Средняя школа Хуацин района Линьтун г. Сиань;Сиань;1
62;МОАУ СОШ №2 г. Свободного Амурской области;Свободный;1
62;"МОБУ ""СОШ №1"" городского округа ""город  Якутск""";Якутск;1
62;Городская классическая гимназия г.Якутск;Якутск;1
62;МАОУ лицей №93 города Тюмени;Тюмень;1
62;Гимназия 1 им.А.С. Пушкина г.Томск;Томск;1
61;Средняя общеобразовательная школа 26 г.Улан-Удэ;Улан-Удэ;1
61;СОШ№2 пгт Нижний Одес;Ухта;1
61;Школа-лицей 1 г.Риддера Р.Казахстан;Риддер;1
61;Муниципальная средняя (полная) общеобразовательная школа № 19 г.Томск;Томск;3
61;Средняя общеобразовательная школа № 25 г.Томск;Томск;1
61;"Муниципальное бюджетное общеобразовательное учреждение ""Гимназия №1"" г.Нижневартовская";Нижневартовск;1
61;Средняя общеобразовательная школа 96 г.Кемерово;Кемерово;1
61;Средняя общеобразовательная школа № 84 г.Кемерово;Кемерово;2
61;Средняя общеобразовательная школа 127 г.Барнаул;Барнаул;1
60;Школа-лицей 11 г.Усть-Каменогорск Р.Казахстан;Усть-Каменогорск;1
59;"МАОУ ""Зональная средняя общеобразовательная школа"" Томского района";Томск;1
59;Средняя общеобразовательная школа №26 с углублённым изучением отдельных предметов г. Абакан;Абакан;1
59;Средняя общеобразовательная школа 1 г.Горно-Алтайск;Горно-Алтайск;1
59;"ГОСУДАРСТВЕННОЕ БЮДЖЕТНОЕ ОБЩЕОБРАЗОВАТЕЛЬНОЕ УЧРЕЖДЕНИЕ РЕСПУБЛИКИ САХА (ЯКУТИЯ) С УГЛУБЛЕННЫМ ИЗУЧЕНИЕМ ОТДЕЛЬНЫХ ПРЕДМЕТОВ ""ВЕРХНЕВИЛЮЙСКИЙ РЕСПУБЛИКАНСКИЙ ЛИЦЕЙ-ИНТЕРНАТ М.А. АЛЕКСЕЕВА""";Верхневилюйск;1
59;МБОУ СОШ №48;Владивосток;1
59;Средняя общеобразовательная школа № 15 г. Кемерово;Кемерово;1
59;"МАОУ ""СОШ №12 имени Олега Кошевого""";Сыктывкар;1
59;Лицей г.Рубцовска;Рубцовск;1
59;Лицей 64 г.Омска;Омск;1
59;"БОУ г.Омска ""Лицей 64""";Омская;1
58;Ташкентский гидрометеорологический техникум;Ташкент;1
58;Высший колледж информатики НГУ г.Новосибирск;Новосибирск;2
58;МБОУ СОШ №92;Кемерово;3
57;"МБОУ ""Лицей №23""";Кемерово;1
57;"Федеральное государственное казенное общеобразовательное учереждение ""Казанское суворовское военное училище Министерства обороны Российской Федерации";Казань;1
57;МБОУ СОШ№71 п.Кедровый Красноярского края;Кедровый;1
57;Средняя общеобразовательная школа 13 г.Горно-Алтайск;Горно-Алтайск;1
57;МОУ Билитуйская средняя общеобразовательная школа Забайкальского район Забайкальского края;Билитуй;1
57;"МБОУ Анжеро-Судженского городского округа ""Средняя общеобразовательная школа №3 с углубленным изучением отдельных предметов имени Г. Панфилова""";Анжеро-Судженск;2
57;"Муниципальное бюджетное общеобразовательное учреждение ""Гимназия N1 города Новопавловска"" ";Новопавловск;1
57;"Муниципальное бюджетное общеобразовательное учреждение ""Средняя школа №43"" г. Нижневартовска";Нижневартовск;1
57;МОАУ Лицей № 1;Нефтекамск;1
57;Средняя общеобразовательная школа 1 г.Новоалтайск;Новоалтайск;1
57;Средняя общеобразовательная школа 26 г.Междуреченск;Междуреченск;1
57;муниципальное бюджетное общеобразовательное учреждение средняя общеобразовательная школа №29;Сургут;1
57;МОУ Средняя школа № 4 городского округа Стрежевой с углубленным изучением отдельных предметов;Стрежевой;1
57;Муниципальный химический лицей при ТПУ г.Томск;Томск;1
57;МАОУ Копыловская СОШ;Томск;1
57;МАОУ СОШ №67 г. Томска;Томск;1
57;Средняя общеобразовательная школа № 1 города Юрги имени Героя Советского Союза А.П.Максименко Кемеровской области;Юрга;1
57;ГОУ СПО Юргинский технологический колледж;Юрга;7
57;Юргинский техникум машиностроения и информационных технологий;Юрга;1
56;"Государственное учреждение ""Школа-лицей №54"" города Нур-Султан";Нур-Султан;1
56;КГУ Общая средняя школа №5 имени М. Горького;Аксукент;1
56;Колледж энергетики и связи акимата города Астаны;Астана;1
55;Средняя общеобразовательная школа 32 г.Белово;Белово;1
55;Катайгинская муниципальная средняя (полная) общеобразовательная школа;Катайга;1
55;Русская Классическая Гимназия №2;Томск;1
55;МБОУ Тогурская средняя общеобразовательная школа;Тогур;1
55;Муниципальное бюджетное общеобразовательное учреждение города Новосибирска Средняя общеобразовательная школа № 54 с углубленным изучением предметов социально-гуманитарного цикла;Новосибирск;1
55;Сибирский государственный университет телекоммуникаций и информатики;Новосибирск;1
55;Средняя общеобразовательная школа 7 г.Усть-Илимск;Усть-Илимск;1
